sample_id,question,reference_answer,reference_source_pages,predicted_answer,pages,refused,hallucination,note,is_correct,retrieved_chunks_count
1,富邦金控 113 年度合併稅後淨利是多少？,"1,508.2 億元",7,"1,508.2 億元",[8],False,False,,True,12
2,請簡述富邦人壽與富邦產險在2025年於國內的發展策略各是什麼？,人壽：調整商品策略接軌IFRS-17與TW-ICS ; 產險：加強風險控管實踐轉型成金融生態圈,"11, 12",人壽：調整商品策略接軌IFRS-17與TW-ICS；產險：加強風險控管實踐轉型成金融生態圈,"[12, 160, 162, 164]",False,False,,True,14
3,富邦金控合併總資產大約是多少？113年度的每股盈餘為多少？,12 兆 673 億元 ; 每股盈餘為10.77元,7,1. 合併總資產：約12兆673億元新台幣 2. 113年度每股盈餘：10.77元,"[7, 8]",False,False,,True,12
4,富邦金控連續幾年成為每股盈餘獲利王？,16 年,7,連續十六年,[8],False,False,,True,12
5,富邦金控總資產報酬率（ROA）和股東權益報酬率（ROE）大約為何？,ROA :1.3% ROE:17.20%,7,富邦金控ROA約1.30%，ROE約17.20%；台北富邦銀行ROA約0.68%，ROE約9.77%。,"[7, 170]",False,False,,True,12
6,2024年富邦人壽、北富銀、富邦證券的前度稅後淨利是多少？,人壽：1026.6億 銀行：313億元 證券：100.2億元,"7, 170, 8","富邦人壽稅後淨利：1,026.6億元；台北富邦銀行稅後淨利：313億元；富邦證券稅後淨利：100.2億元。","[7, 8, 170]",False,False,,True,12
7,富邦金控旗下主要子公司有哪些？,台北富邦銀行、富邦人壽、富邦證券、富邦投信、富邦產險、富邦銀行(香港)、富邦華一銀行,11~12,富邦人壽保險(股)公司、台北富邦商業銀行(股)公司、富邦綜合證券(股)公司、富邦產物保險(股)公司、富邦銀行(香港)有限公司、富邦證券投資信託(股)公司、富邦金控創業投資(股)公司、富邦資產管理(股)公司、富邦綜合保險代理人(股)公司、越南富邦人壽保險責任有限公司、富邦私募股權(股)公司、富邦基金管理(香港)有限公司、富邦數位音樂資產管理(股)公司、富邦育樂(股)公司、富邦運動場館(股)公司、富邦能源(股)公司、利通管理顧問(股)公司、富邦華一銀行有限公司、北富銀創業投資(股)公司、越南富邦產物保險責任有限公司、富邦保險經紀人(泰國)(股)公司、富邦保險經紀人(菲律賓)(股)公司、納閩富邦再保險(股)公司、富邦財產保險有限公司、富邦期貨(股)公司、富邦證券投資顧問(股)公司、富邦證券(香港)有限公司、富邦證創業投資(股)公司、富邦閩投創業投資(股)公司、日盛嘉富證券國際有限公司、日盛嘉富資本有限公司、富邦財務(香港)有限公司、富銀證券(香港)有限公司、Fubon Nominees (Hong Kong) Ltd.、富邦保險顧問有限公司,"[130, 131]",False,False,,True,12
8,請列出富邦金融控股股份有限公司的電話和地址,地址：臺北市中山區遼寧街179號15、16樓; 電話：(02)6636-6636(代表號),2,電話：(02)6636-6636；地址：臺北市中山區遼寧街179號15、16樓,[2],False,False,,True,12
9,請問公司針對健康安全計劃的壓力管理措施有哪幾項,壓力管理相關檢測、法律諮詢、按摩小站、社團活動,"97, 98",1. 每兩年執行全體員工健康檢查及心理諮詢服務，幫助員工檢視身體與心理健康狀態。 2. 提供免費法律諮詢服務，協助員工解決生活疑難。 3. 設置按摩小站，提供按摩服務以紓解壓力。 4. 鼓勵員工參與社團活動及運動競賽，促進健康與壓力釋放。 5. 聘任專任護理人員，提供保健諮詢及醫療協助。 6. 定期舉辦健康講座，提升健康觀念與習慣。 7. 提供心理與法律諮詢服務，支持員工壓力管理,"[97, 98, 220]",False,False,,True,12
10,2024年普通股現金股利發放總和為多少？,"提撥新台幣 58,079,318,096 元現金股利",135,"普通股現金股利：新台幣58,079,318,096元",[136],False,False,,True,12
11,2024 年度普通股現金股利每股為多少元？,4.25元,135,每股4.25元現金股利,[136],False,False,,True,12
12,根據年報中「最近二年度公司溫室氣體盤查」數據，請計算富邦金控 2024 年度之營運排放總量（範疇一與範疇二之合計），相較於 2023 年度的總量，其減碳比例約為多少？（請計算至小數點後兩位）,"(59,040 - 45,594)/ 59,040=22.77%",108,"(59,040 - 45,594)/59,040 = 22.77%","[93, 107, 108, 109]",False,False,,True,12
13,富邦人壽 2024 年初年度保費收入 (FYP) 在業界的排名為何？,業界排名第二,7,"富邦人壽2024年初年度保費收入約1,100.8億元，業界排名第二","[7, 164]",False,False,,True,12
14,橫跨各子公司當中，年報中有哪些共同考量的風險類型？,信用風險、市場風險、作業風險、流動性風險,248~261,共同考量的風險類型包括：1. 信用風險 2. 市場風險 3. 作業風險 4. 保險風險 5. 流動性風險 6. 資產負債風險及資本適足性 7. 信譽風險 8. 新興風險及氣候變遷風險,"[6, 250, 252, 255, 263, 264]",False,False,,True,12
15,台北富邦銀行 2024 年底的逾放比是多少？,0.0012,9,0.12%（即 0.0012）,[9],False,False,,True,13
16,富邦金控 2024 年底的資本適足率 (CAR) 約為多少？,約 141.05%,9,資本適足率(CAR)：約141.05%,[9],False,False,,True,12
17,截至 2024 年底，富邦產險累積擁有的發明專利與新型專利各是多少？,發明專利 13 件、新型專利 27 件,185,發明專利：13件，新型專利：27件,"[8, 185]",False,False,,True,12
18,富邦金控承諾海內外營運據點百分之百使用綠電的目標年份為何？,2040 年,10,2040年,"[10, 52]",False,False,,True,12
19,富邦金控目前設有幾名女性董事？,2 名,29,2 名女性董事,[29],False,False,,True,14
20,富邦金控董事會成員目前平均任期為多少年？,6.2 年,32,6.2 年,[32],False,False,,True,12
21,穆迪 (Moody's) 給予富邦金控的國際長期信用評等為何？,Baa1,,穆迪國際長期信用評等：Baa1，展望穩定,[9],False,False,,True,12
22,113 年度最主要的獲利來源是什麼？,主要來自富邦人壽與台北富邦銀行,7,主要來自富邦人壽與台北富邦銀行,"[7, 159]",False,False,,True,13
23,總結富邦金控 2024 年在防詐與金融安全方面的具體具體行動。,"包含富邦人壽導入「68999」簡訊簡碼、富邦證券攔阻 4,600 萬元詐騙、北富銀擴大金融科技防詐、以及舉辦數位科技與金融安全論壇。","7, 10, 84","包含富邦人壽導入「68999」簡訊簡碼、富邦證券攔阻 4,600 萬元詐騙、北富銀擴大金融科技防詐、以及舉辦數位科技與金融安全論壇","[8, 10, 84]",False,False,,True,14
24,請彙整富邦金控 2025 年針對人壽、銀行、證券這三大子公司的核心發展策略。,富邦人壽：調整商品策略、壯實自有通路，應對降息循環與接軌 IFRS 17；台北富邦銀行：擴大客群開發、推進海外佈局、聚焦卡友跨售與數位服務；富邦證券：提升經紀市佔、推動財管轉型、發展 AI 運用並強化集團合作。,11~12,富邦人壽：調整商品策略、壯實自有通路，應對降息循環與接軌 IFRS 17；台北富邦銀行：擴大客群開發、推進海外佈局、聚焦卡友跨售與數位服務；富邦證券：提升經紀市佔、推動財管轉型、發展 AI 運用並強化集團合作。,"[11, 12, 160, 174]",False,False,,True,12
25,說明富邦金控董事會成員在「多元化政策」上的具體目標，以及目前女性董事的比例與未來規劃。,目標包含銀行、保險、證券專業各至少 1 人，財務/法務/風險管理等專業各至少 3 人；目前女性董事 2 名，佔 15 席董事之 13%；未來規劃於 2026 年改選時，以提升任一性別比例達 1/3 為目標,22~23,目標包含銀行、保險、證券專業各至少 1 人，財務/法務/風險管理等專業各至少 3 人；目前女性董事 2 名，佔 15 席董事之 13%；未來規劃於 2026 年改選時，以提升任一性別比例達 1/3 為目標。,"[28, 29]",False,False,,True,14
26,請比較 2023 年與 2024 年富邦金控給付「一般董事及獨立董事」的酬金總額占稅後純益之比例變化。,2023 年比例為 0.27%，2024 年上升至 0.43%（以本公司基準計算）。,45,2023年一般董事及獨立董事酬金總額占稅後純益比例：0.27%；2024年一般董事及獨立董事酬金總額占稅後純益比例：0.43%；比例增加0.16個百分點。,"[39, 45]",False,False,,True,12
27,富邦金控 2024 年度在合併資產負債表中的現金及約當現金總額是多少？,"819,364,441 千元",公司治理章,"現金及約當現金、存放央行及拆借金融同業：819,364,441 千元",[242],False,False,,True,12
28,根據 113 年度年報，國泰金控 2024 年的合併稅後淨利是多少？,【正確拒答說法】年報未提供此資訊（或資料不足，無法推論）。,無此具體揭露,,[],True,False,問題主體不在年報可驗證範圍內，證據不足以回答。,True,12
29,根據年報，預測 114 年富邦金控 EPS,【正確拒答說法】年報未提供此資訊（或資料不足，無法推論）。,無此具體揭露,,[],True,False,問題要求預測/推估，檢索內容無法提供可驗證的未來數據。,True,12
30,富邦慈善基金會 2024 年「用愛心做朋友」助學活動的捐款總額超過多少？,"超過 1 億元 (106,749,000 元)","11, 222","106,749,000 元",[222],False,False,,True,12
